cluster,description,count,pct,WS_100E_mean,WS_100E_median,WS_100E_std,WS_69W_mean,WS_38W_mean,TI_100E_mean,shear_38_69_mean,AT_95_mean,BP_93_mean,WD_97_deg
0,南風 輕風 | 中等亂流 | 低風切,22934,8.5%,3.0212189442422814,2.21429,2.241662893549258,2.6226467726218092,2.6835617623492074,0.19775358083620717,-0.09054137803202612,25.660521489166968,998.5911903375915,183.39801530415204
1,東北風 中等風速 | 低亂流(穩定) | 低風切,92771,34.4%,6.3982049919872,6.294156666666667,2.808875992080639,6.18068821241015,5.88093048242387,0.04667473672589557,0.09441765949339798,21.715640891341373,1002.6176113798821,32.20016479139547
2,西南風 輕風 | 低亂流(穩定) | 正常風切,81811,30.3%,5.710627449687825,5.335351666666666,2.7712621519776395,5.196866511390664,4.78902855157722,0.07151227458977802,0.1467839857654013,27.0327469643682,997.007504155206,217.1072389095646
3,東北風 極強風 | 低亂流(穩定) | 低風切,72534,26.9%,16.388448746438748,15.839100000000002,3.7491604283646156,16.03123117731477,15.461271949182912,0.03762245333509505,0.0600732296252769,18.60750920773306,1004.6745382874428,32.66581718723309
