fold,n_train,n_test,pos_rate_test,threshold,pr_auc,precision,recall,f1
1.0,166903.0,185350.0,0.05587267332074454,0.3723835002788534,0.4099047582387982,0.5015290519877675,0.34839706450366936,0.41116809116809117
2.0,333805.0,185341.0,0.047194090891923536,0.5667990957904249,0.43587347063793314,0.42852810351799436,0.48462329941694293,0.45485272815065186
3.0,500707.0,185350.0,0.06263825195575938,0.3509812351593466,0.43717776461754093,0.40530850996918044,0.5550387596899224,0.4685012177832709
4.0,667610.0,185351.0,0.05328269067876623,0.1888861455526702,0.36293868939842655,0.3825368826170622,0.4830903199675982,0.42697333094684087
5.0,834512.0,185350.0,0.047116266522794714,0.14531976766143906,0.33172155747986715,0.32055492259231955,0.5476926600251918,0.40441362983004986
3.0,500707.4,185348.4,0.053220794673997686,0.32487394888854687,0.39552324807451317,0.40769149413686484,0.48376842072066495,0.43318179957578096
