horizon,RMSE,MAE,R2,Accuracy,Macro_F1
30,0.11029261735360499,0.05604566592833392,0.6089877112758575,0.9034122485272869,0.868248809171835
60,0.1462178157997886,0.0749789686433922,0.31287234983064294,0.8778210116731517,0.8291207483468558
