Model,MAE (m/s),RMSE (m/s),R2 Score
Single-RF (傳統直接預估),0.4928658158714836,0.627063471595741,0.9450016016182328
Single-LGBM (直接預估),0.642333323968765,0.8462287816092567,0.8998380843376771
VMD-RF (時頻分解混合預估),0.6461181852220405,0.8546362477537202,0.8978379368704473
VMD-LGBM (時頻分解混合預估),0.9024660936325154,1.1477521012759317,0.8157433246912962
