Model,MAE (m/s),RMSE (m/s),R2 Score
Single-RF (傳統直接預估),0.4928658158714839,0.627063471595741,0.9450016016182328
VMD-RF (時頻分解混合預估),0.6461181852220405,0.85463624775372,0.8978379368704474
