Horizon_min,ARIMA_MAE,ARIMA_RMSE,ARIMA_R2,VAR_MAE,VAR_RMSE,VAR_R2
10,0.41913431847169863,0.5589311556140619,0.9906364571780081,0.4195639716029901,0.55780186385833,0.9906742560708456
20,0.6335113161633464,0.8500948393621524,0.9781834455531592,0.6449670931524797,0.8561451481681064,0.9778717941689552
30,0.7772123752061063,1.048318080567583,0.9668325215696157,0.7883534115188504,1.0647644379228627,0.9657836737429185
40,0.9028964431774391,1.1959610926392281,0.9570278452271732,0.9255388271560803,1.2220384078896984,0.9551334433614963
50,1.0191777837987699,1.32460886564672,0.9479242754162455,1.0404088119470167,1.3607942089863188,0.9450402293960006
60,1.105127880492461,1.4401342061317695,0.9373029203004881,1.13944077248672,1.4700593743798056,0.93467022947386
